{
  "version": 1,
  "author": "RAHMADANI LESTARI",
  "editor": "wokwi",
  "parts": [
    { "type": "board-esp32-devkit-c-v4", "id": "esp", "top": 0, "left": 0, "attrs": {} },
    { "type": "wokwi-led", "id": "led1", "top": 15.6, "left": 157.4, "attrs": { "color": "red" } },
    {
      "type": "wokwi-led",
      "id": "led2",
      "top": 15.6,
      "left": 243.8,
      "attrs": { "color": "yellow" }
    },
    {
      "type": "wokwi-led",
      "id": "led3",
      "top": 15.6,
      "left": 320.6,
      "attrs": { "color": "green" }
    },
    {
      "type": "wokwi-resistor",
      "id": "r1",
      "top": 147.95,
      "left": 288,
      "attrs": { "value": "1000" }
    },
    {
      "type": "wokwi-resistor",
      "id": "r2",
      "top": 119.15,
      "left": 211.2,
      "attrs": { "value": "1000" }
    },
    {
      "type": "wokwi-resistor",
      "id": "r3",
      "top": 90.35,
      "left": 124.8,
      "attrs": { "value": "1000" }
    }
  ],
  "connections": [
    [ "esp:TX", "$serialMonitor:RX", "", [] ],
    [ "esp:RX", "$serialMonitor:TX", "", [] ],
    [ "led1:A", "r3:2", "green", [ "v0" ] ],
    [ "r3:1", "esp:16", "green", [ "v0" ] ],
    [ "led1:C", "esp:D1", "green", [ "v0" ] ],
    [ "led2:A", "r2:2", "green", [ "v0" ] ],
    [ "r2:1", "esp:17", "green", [ "v0" ] ],
    [ "led2:C", "esp:D1", "green", [ "v124.8", "h0.4" ] ],
    [ "led3:A", "r1:2", "green", [ "v0" ] ],
    [ "r1:1", "esp:0", "green", [ "v0" ] ],
    [ "led3:C", "esp:D1", "green", [ "v124.8", "h-9.2" ] ]
  ],
  "dependencies": {}
}