{
  "version": 1,
  "author": "RAHMADANI LESTARI",
  "editor": "wokwi",
  "parts": [
    { "type": "board-esp32-devkit-c-v4", "id": "esp", "top": 0, "left": 0, "attrs": {} },
    { "type": "wokwi-dht22", "id": "dht1", "top": 19.5, "left": -120.6, "attrs": {} }
  ],
  "connections": [
    [ "esp:TX", "$serialMonitor:RX", "", [] ],
    [ "esp:RX", "$serialMonitor:TX", "", [] ],
    [ "dht1:GND", "esp:GND.1", "black", [ "v19.2" ] ],
    [ "dht1:SDA", "esp:27", "green", [ "v48", "h76.9", "v-57.6" ] ],
    [ "dht1:VCC", "esp:3V3", "red", [ "v19.2", "h0", "v9.6", "h67.2", "v-134.4" ] ]
  ],
  "dependencies": {}
}